Hour,pipeline1,pipeline2,pipeline3,pipeline4,pipeline5,pipeline6,pipeline7,pipeline8,pipeline9,pipeline10,pipeline11,pipeline12
0,73.83860778767688,73.83860778767688,2.5480301379811743,2.2971502366632963,2.63091217050542,2.630605452559352,2.249374326076271,2.5231002062895027,2.385996046712991,4.170984359457469,2.179703968673798,2.310756758441131
